<?xml version="1.0" encoding="UTF-8"?>

<!DOCTYPE mapper
  PUBLIC "-//mybatis.org//DTD Mapper 3.0//EN"
  "http://mybatis.org/dtd/mybatis-3-mapper.dtd">

<mapper namespace="web.dao.face.BoardDao">

	<resultMap type="web.dto.Board" id="Board">
		<id column="board_no" property="boardNo"/>
		<result column="writer_id" property="writerId"/>
		<result column="writer_nick" property="writerNick"/>
		<result column="write_date" property="writeDate"/>
	</resultMap>

	<resultMap type="web.dto.Boardfile" id="Boardfile">
		<id column="file_no" property="fileNo"/>
		<result column="board_no" property="boardNo"/>
		<result column="origin_name" property="originName"/>
		<result column="stored_name" property="storedName"/>
	</resultMap>

	<select id="selectCntAll" resultType="int">
		SELECT COUNT(*) FROM board
	</select>
	
	<select id="selectPageList" resultMap="Board" parameterType="web.util.Paging">
		SELECT * FROM (
		    SELECT rownum rnum, B.* FROM (
		        SELECT
		            board_no, title, content, writer_id
		            , writer_nick, hit, write_date
		        FROM board
		        ORDER BY board_no DESC
		    ) B
		) R
		WHERE rnum BETWEEN #{startNo} AND #{endNo}
	</select>

	<update id="updateHit" parameterType="web.dto.Board">
		UPDATE board SET hit = hit + 1
		WHERE board_no = #{boardNo }
	</update>
	
	<select id="selectBoardByBoardNo" parameterType="web.dto.Board"	resultMap="Board">
        SELECT
            board_no, title, content, writer_id
            , writer_nick, hit, write_date
        FROM board
		WHERE board_no = #{boardNo }
	</select>
	
	<insert id="insert" parameterType="web.dto.Board">
		<selectKey order="BEFORE" resultType="int" keyProperty="boardNo">
			SELECT board_seq.nextval FROM dual
		</selectKey>
		
		INSERT INTO board( board_no, title, content, writer_id, writer_nick )
		VALUES( #{boardNo}, #{title}, #{content}, #{writerId}, #{writerNick} )
	</insert>
	
	<insert id="insertFile" parameterType="web.dto.Boardfile">
		INSERT INTO boardfile( file_no, board_no, origin_name, stored_name )
		VALUES( boardfile_seq.nextval, #{boardNo}, #{originName}, #{storedName} )
	</insert>

	<select id="selectByFileno" parameterType="int" resultMap="Boardfile">
		SELECT * FROM boardfile
		WHERE file_no = #{fileNo}
	</select>

	<select id="selectByBoardno" parameterType="web.dto.Board" resultMap="Boardfile">
		SELECT * FROM boardfile
		WHERE board_no= #{boardNo}
	</select>
	
</mapper>
