<?xml version="1.0" encoding="UTF-8"?>

<!DOCTYPE mapper
  PUBLIC "-//mybatis.org//DTD Mapper 3.0//EN"
  "http://mybatis.org/dtd/mybatis-3-mapper.dtd">

<mapper namespace="web.dao.face.MemberDao">

	<select id="join" parameterType="web.dto.Member">
		INSERT INTO member ( id, pw, nick )
		VALUES ( #{id }, #{pw }, #{nick } )
	</select>
	
	<select id="selectByUserid" parameterType="web.dto.Member" resultType="int">
		SELECT count(*) FROM member
		WHERE id = #{id }
	</select>
		
	<select id="login" parameterType="web.dto.Member" resultType="int">
		SELECT count(*) FROM member
		WHERE id = #{id } AND pw = #{pw }
	</select>
	
	<select id="getUsernick" parameterType="web.dto.Member" resultType="String">
		SELECT nick FROM member
		WHERE id = #{id }
	</select>

</mapper>
