<?xml version="1.0" encoding="UTF-8"?>

<!-- 마이바티스 3 Mapper DOCTYPE -->
<!DOCTYPE mapper
  PUBLIC "-//mybatis.org//DTD Mapper 3.0//EN"
  "http://mybatis.org/dtd/mybatis-3-mapper.dtd">
  
  
<mapper namespace="file.dao.face.FileDao">
	<resultMap type="file.dto.FileTest" id="fileTest">
		<id column="FILENO" property="fileno"/>
		
		<result column="TITLE" property="title"/>
		<result column="ORIGIN_NAME" property="originName"/>
		<result column="STORED_NAME" property="storedName"/>	
	</resultMap>


	<insert id="insertFile" parameterType="file.dto.FileTest">
	insert into filetest(fileno, title, origin_name, stored_name )
	values (filetest_seq.nextval, #{title}, #{originName}, #{storedName})
	</insert>
	
	<select id="selectAll" resultMap="fileTest">
		select * from filetest
		order by fileno desc
	</select>
	
	<select id="selectByFileno" parameterType="int" resultMap="fileTest">
		select * from filetest where fileno = #{fileno}
	</select>
	
	
</mapper>