<?xml version="1.0" encoding="UTF-8"?>
<beans:beans xmlns="http://www.springframework.org/schema/mvc"
	xmlns:xsi="http://www.w3.org/2001/XMLSchema-instance"
	xmlns:beans="http://www.springframework.org/schema/beans"
	xmlns:context="http://www.springframework.org/schema/context"
	xsi:schemaLocation="http://www.springframework.org/schema/mvc https://www.springframework.org/schema/mvc/spring-mvc.xsd
		http://www.springframework.org/schema/beans https://www.springframework.org/schema/beans/spring-beans.xsd
		http://www.springframework.org/schema/context https://www.springframework.org/schema/context/spring-context.xsd">

	<!-- DispatcherServlet Context: defines this servlet's request-processing infrastructure -->
	
	<!-- Enables the Spring MVC @Controller programming model -->
	<annotation-driven />

	<!-- Handles HTTP GET requests for /resources/** by efficiently serving up static resources in the ${webappRoot}/resources directory -->
	<resources mapping="/resources/**" location="/resources/" />

	<!-- Resolves views selected for rendering by @Controllers to .jsp resources in the /WEB-INF/views directory -->
	<beans:bean class="org.springframework.web.servlet.view.InternalResourceViewResolver">
		<beans:property name="prefix" value="/WEB-INF/views/" />
		<beans:property name="suffix" value=".jsp" />
	</beans:bean>
	
	
	<!-- MultipartResolver 설정 -->
	<!-- 파일업로드 요청(multipart/form-data)을 처리하는 클래스(빈) -->
	<beans:bean id="multipartResolver" class="org.springframework.web.multipart.commons.CommonsMultipartResolver">
	
		<!-- 메모리에서 파일을 처리하는 최대 사이즈 제한 : 1MB  -->
		<beans:property name="maxInMemorySize" value="1048576"></beans:property>
		
		<!-- 파일업로드 허용 최대 사이즈 제한 : 10MB -->
		<beans:property name="maxUploadSize" value="10485760"></beans:property>
	
		<!-- 파일업로드된 파일 당 최대 사이지 제한 : 5MB -->
		<beans:property name="maxUploadSizePerFile" value="5242880"></beans:property>
		
	</beans:bean>	
	
	
	<!-- 스프링 빈 등록을 위해 Contoller 와 Service 등록  -->
	<context:component-scan base-package="com.spring.board.controller, com.spring.board.service" />
	
	
	
</beans:beans>
