<?xml version="1.0" encoding="UTF-8"?>


<!-- 마이바티스 3 Mapper DOCTYPE -->
<!DOCTYPE mapper
  PUBLIC "-//mybatis.org//DTD Mapper 3.0//EN"
  "http://mybatis.org/dtd/mybatis-3-mapper.dtd">
  
  
<mapper namespace="com.spring.board.dao.face.BoardDao">

<!-- resultMap 설정 -->
	<resultMap type="com.spring.board.dto.Board" id="board">
		<id column="board_no" property="boardNo"/>
		
		<result column="title" property="title"/>
		<result column="content" property="content"/>
		<result column="writer_id" property="writerId"/>
		<result column="writer_nick" property="writerNick"/>
		<result column="hit" property="hit"/>
		<result column="write_date" property="writeDate"/>
	</resultMap>
	
	
	<select id="selectCntAll" resultType="int">
		select count(*) from board
	</select>
	
	<select id="selectAll" parameterType="com.spring.board.util.Paging" resultMap="board">
		select * from
    		(select rownum rnum, b.* from 
        		(select * from board order by board_no desc) b
    		) board
    		where rnum between #{startNo} and #{endNo}
	</select>
	
</mapper>