<?xml version="1.0" encoding="UTF-8"?>
<beans:beans xmlns="http://www.springframework.org/schema/mvc"
	xmlns:xsi="http://www.w3.org/2001/XMLSchema-instance"
	xmlns:beans="http://www.springframework.org/schema/beans"
	xmlns:context="http://www.springframework.org/schema/context"
	xsi:schemaLocation="http://www.springframework.org/schema/mvc https://www.springframework.org/schema/mvc/spring-mvc.xsd
		http://www.springframework.org/schema/beans https://www.springframework.org/schema/beans/spring-beans.xsd
		http://www.springframework.org/schema/context https://www.springframework.org/schema/context/spring-context.xsd">

	<!-- DispatcherServlet Context: defines this servlet's request-processing infrastructure -->
	
	
	<!-- @Controller 어노테이션을 이용한 컨트롤러 등록을 허용함 -->
	<!-- @Service 어노테이션도 허용 -->
	<annotation-driven />
	
	
	
	<!-- 인터셉터 설정 -->
	<interceptors>
		<interceptor>
		
			<!-- 인터셉터가 적용될 URL -->
			<mapping path="/interceptor/admin/**"/>
			
			<!-- 인터셉터에 적용되지 않도록 제외할 페이지(예외 페이지) -->
			<exclude-mapping path="/interceptor/admin/fail"/>
			
			<!-- 인터셉터 클래스 지정 -->
			<beans:bean class="interceptor.interceptor.AdminInterceptor" />
		</interceptor>
		
		<interceptor>
			<mapping path="/board/write"/>
			<beans:bean class="interceptor.interceptor.BoardInterceptor" />
		</interceptor>
		
	</interceptors>	



	<!-- Handles HTTP GET requests for /resources/** by efficiently serving up static resources in the ${webappRoot}/resources directory -->
	<resources mapping="/resources/**" location="/resources/" />




	<!-- Resolves views selected for rendering by @Controllers
	 to .jsp resources in the /WEB-INF/views directory -->

	<!-- JSP기반의 ViewResolver -->
	<beans:bean class="org.springframework.web.servlet.view.InternalResourceViewResolver">
		<beans:property name="prefix" value="/WEB-INF/views/" />
		<beans:property name="suffix" value=".jsp" />
		
		<beans:property name="order" value="1" />
	</beans:bean>
	
	<!-- 스프링빈기반의 ViewResolver -->
	<beans:bean class="org.springframework.web.servlet.view.BeanNameViewResolver">
		<beans:property name="order" value="0" />
	</beans:bean>
	
	<!-- DownloadView클래스를 down이라는 이름의 스프링 빈으로 등록하기 -->
	<beans:bean id="down" class="file.view.DownloadView" />
	
	
	
	<!-- MultipartResolver 설정 -->
	<!-- 	파일업로드 요청(multipart/form-data)을 처리하는 클래스(빈) -->
	<beans:bean id="multipartResolver" class="org.springframework.web.multipart.commons.CommonsMultipartResolver">
	
		<!-- 메모리에서 파일을 처리하는 최대 사이즈 제한 : 1MB -->
		<beans:property name="maxInMemorySize" value="1048576" />
	
		<!-- 파일업로드 허용 최대 사이즈 제한 : 10MB -->
		<beans:property name="maxUploadSize" value="10485760" />
	
		<!-- 업로드된 파일 당 최대 사이즈 제한 : 5MB  -->
		<beans:property name="maxUploadSizePerFile" value="5242880" />
	
	</beans:bean>
	
	
	
	
	
	
	<!-- 컴포넌트를 검색(스캔)할 패키지 지정하기 -->
	<!-- @Controller, @Service 컴포넌트를 스캔하고 스프링 빈으로 등록함 -->
	<context:component-scan base-package="a.b.c, web.controller, web.service, login.controller, login.service, interceptor.controller, file.controller, file.service" />
	
</beans:beans>

















