<?xml version="1.0" encoding="UTF-8"?>

<!DOCTYPE mapper
  PUBLIC "-//mybatis.org//DTD Mapper 3.0//EN"
  "http://mybatis.org/dtd/mybatis-3-mapper.dtd">

<mapper namespace="web.dao.face.BoardDao">

	<resultMap type="web.dto.Board" id="Board">
		<id column="board_no" property="boardNo"/>
		<result column="writer_id" property="writerId"/>
		<result column="writer_nick" property="writerNick"/>
		<result column="write_date" property="writeDate"/>
	</resultMap>

	<select id="selectCntAll" resultType="int">
		SELECT COUNT(*) FROM board
	</select>
	
	<select id="selectPageList" resultMap="Board" parameterType="web.util.Paging">
		SELECT * FROM (
		    SELECT rownum rnum, B.* FROM (
		        SELECT
		            board_no, title, content, writer_id
		            , writer_nick, hit, write_date
		        FROM board
		        ORDER BY board_no DESC
		    ) B
		) R
		WHERE rnum BETWEEN #{startNo} AND #{endNo}
	</select>

</mapper>










