<?xml version="1.0" encoding="UTF-8"?>
<beans xmlns="http://www.springframework.org/schema/beans"
	xmlns:xsi="http://www.w3.org/2001/XMLSchema-instance"
	xmlns:context="http://www.springframework.org/schema/context"
	xsi:schemaLocation="http://www.springframework.org/schema/beans http://www.springframework.org/schema/beans/spring-beans.xsd
		http://www.springframework.org/schema/context http://www.springframework.org/schema/context/spring-context-4.3.xsd">

	<!-- 어노테이션을 이용한 DI를 허용해주는 태그 -->
	<context:annotation-config></context:annotation-config>
	
	<!-- di.xml.Car 클래스의 객체를 car라는 이름으로 등록 -->
	<!--Spring Bean으로 등록된다  -->
	<!-- -> 스프링 프레임워크가 인식하고 관리하는 객체(빈)이 된다 -->
	<bean id="car" class="di.autowired.Car"></bean>

	<!-- di.tire.Tire 인터페이스의 구현 객체를 스프링빈으로 등록 -->
	<bean id="gTire" class="di.tire.GoldTire"></bean>
	<bean id="sTire" class="di.tire.SilverTire"></bean>
	
</beans>
